LesionID,probability,processingTimeMs,SeriesInstanceUID,predictionLabel
,,,1.2.840.113654.2.55.112678153129052512356539493326784217907,
1,,,,
,0.08383242785930634,13727.9,,0
